<?xml version="1.0" encoding="UTF-8" standalone="yes"?>
<services>
    <cloudstreamsCollectionKeys serviceName="WmCloudStreams.RestVS">
        <servicesKeys>
            <keyDetails collectionKey="wmesendexTests.getAccounts:getAccounts" connectorServiceName="wmesendexTests.getAccounts:getAccounts"/>
            <keyDetails collectionKey="wmesendexTests.getMessageHeader:getAllMessageHeaders" connectorServiceName="wmesendexTests.getMessageHeader:getAllMessageHeaders"/>
            <keyDetails collectionKey="wmesendexTests.getMessageHeader:getMessageHeaderByBatchId" connectorServiceName="wmesendexTests.getMessageHeader:getMessageHeaderByBatchId"/>
            <keyDetails collectionKey="wmesendexTests.getMessageHeader:getsingleMessageHeader" connectorServiceName="wmesendexTests.getMessageHeader:getsingleMessageHeader"/>
            <keyDetails collectionKey="wmesendexTests.getMessageInformation:getMessageInformation" connectorServiceName="wmesendexTests.getMessageInformation:getMessageInformation"/>
            <keyDetails collectionKey="wmesendexTests.messageBatch:getAllMessageBatches" connectorServiceName="wmesendexTests.messageBatch:getAllMessageBatches"/>
            <keyDetails collectionKey="wmesendexTests.messageBatch:getSingleMessageBatch" connectorServiceName="wmesendexTests.messageBatch:getSingleMessageBatch"/>
            <keyDetails collectionKey="wmesendexTests.sendSMS:sendSMS" connectorServiceName="wmesendexTests.sendSMS:sendSMS"/>
            <keyDetails collectionKey="wmesendexTests.sendVoicemessage:sendVoicemessage" connectorServiceName="wmesendexTests.sendVoicemessage:sendVoicemessage"/>
        </servicesKeys>
    </cloudstreamsCollectionKeys>
</services>
